"","codigo_comuna","nombre_comuna","Tipo de zona","n_estudiantes","promedio"
"1",1101,"IQUIQUE","Rural",313,4.6
"2",1101,"IQUIQUE","Urbano",15388,4.9
"3",1107,"ALTO HOSPICIO","Rural",2617,5.2
"4",1107,"ALTO HOSPICIO","Urbano",8337,5.2
"5",1401,"POZO ALMONTE","Rural",1374,4.9
"6",1402,"CAMIÑA","Rural",117,5.8
"7",1403,"COLCHANE","Rural",64,5.4
"8",1404,"HUARA","Rural",240,5.6
"9",1405,"PICA","Rural",539,5.5
"10",2101,"ANTOFAGASTA","Urbano",28349,5.3
"11",2102,"MEJILLONES","Rural",21,4.9
"12",2102,"MEJILLONES","Urbano",1129,4.3
"13",2103,"SIERRA GORDA","Urbano",142,5.7
"14",2104,"TALTAL","Rural",29,5.3
"15",2104,"TALTAL","Urbano",890,4.7
"16",2201,"CALAMA","Rural",82,5
"17",2201,"CALAMA","Urbano",13977,5.3
"18",2202,"OLLAGÜE","Rural",24,5.6
"19",2203,"SAN PEDRO DE ATACAMA","Rural",157,5.7
"20",2203,"SAN PEDRO DE ATACAMA","Urbano",569,5.9
"21",2301,"TOCOPILLA","Urbano",2102,5.2
"22",2302,"MARÍA ELENA","Rural",26,4.1
"23",2302,"MARÍA ELENA","Urbano",318,5.2
"24",3101,"COPIAPÓ","Rural",132,5.1
"25",3101,"COPIAPÓ","Urbano",13338,5
"26",3102,"CALDERA","Rural",15,4.3
"27",3102,"CALDERA","Urbano",1144,5.3
"28",3103,"TIERRA AMARILLA","Rural",109,4.4
"29",3103,"TIERRA AMARILLA","Urbano",1158,4.6
"30",3201,"CHAÑARAL","Urbano",1108,5.3
"31",3202,"DIEGO DE ALMAGRO","Rural",27,5.5
"32",3202,"DIEGO DE ALMAGRO","Urbano",1196,4.3
"33",3301,"VALLENAR","Rural",152,4.8
"34",3301,"VALLENAR","Urbano",4107,5.2
"35",3302,"ALTO DEL CARMEN","Rural",338,5.6
"36",3303,"FREIRINA","Rural",99,5.6
"37",3303,"FREIRINA","Urbano",470,4.6
"38",3304,"HUASCO","Rural",29,4.7
"39",3304,"HUASCO","Urbano",829,4.8
"40",4101,"LA SERENA","Rural",961,5
"41",4101,"LA SERENA","Urbano",19630,5.2
"42",4102,"COQUIMBO","Rural",661,4.9
"43",4102,"COQUIMBO","Urbano",16540,5.1
"44",4103,"ANDACOLLO","Rural",190,5.2
"45",4103,"ANDACOLLO","Urbano",700,5.2
"46",4104,"LA HIGUERA","Rural",223,4.8
"47",4104,"LA HIGUERA","Urbano",137,5.1
"48",4105,"PAIGUANO","Rural",160,5.6
"49",4105,"PAIGUANO","Urbano",171,5.1
"50",4106,"VICUÑA","Rural",199,5.6
"51",4106,"VICUÑA","Urbano",1989,4.9
"52",4201,"ILLAPEL","Rural",590,5.3
"53",4201,"ILLAPEL","Urbano",1792,4.7
"54",4202,"CANELA","Rural",242,4.9
"55",4202,"CANELA","Urbano",316,5.5
"56",4203,"LOS VILOS","Rural",407,5.5
"57",4203,"LOS VILOS","Urbano",1311,3.5
"58",4204,"SALAMANCA","Rural",575,5.1
"59",4204,"SALAMANCA","Urbano",1585,5.5
"60",4301,"OVALLE","Rural",1367,5.3
"61",4301,"OVALLE","Urbano",7910,5.1
"62",4302,"COMBARBALÁ","Rural",348,4.7
"63",4302,"COMBARBALÁ","Urbano",505,4.1
"64",4303,"MONTE PATRIA","Rural",972,5.5
"65",4303,"MONTE PATRIA","Urbano",1374,4.9
"66",4304,"PUNITAQUI","Rural",206,5.2
"67",4304,"PUNITAQUI","Urbano",644,5.9
"68",4305,"RÍO HURTADO","Rural",258,5
"69",5101,"VALPARAÍSO","Urbano",18328,4.9
"70",5102,"CASABLANCA","Urbano",2038,5.1
"71",5103,"CONCÓN","Urbano",3245,5.1
"72",5104,"JUAN FERNÁNDEZ","Rural",83,6
"73",5105,"PUCHUNCAVÍ","Rural",337,4.8
"74",5105,"PUCHUNCAVÍ","Urbano",887,4.5
"75",5107,"QUINTERO","Rural",138,5
"76",5107,"QUINTERO","Urbano",2192,5.1
"77",5109,"VIÑA DEL MAR","Urbano",21238,5
"78",5201,"ISLA DE PASCUA","Urbano",599,5.7
"79",5301,"LOS ANDES","Rural",58,4.8
"80",5301,"LOS ANDES","Urbano",5662,5.1
"81",5302,"CALLE LARGA","Rural",138,5.6
"82",5302,"CALLE LARGA","Urbano",960,5.6
"83",5303,"RINCONADA","Urbano",692,5.2
"84",5304,"SAN ESTEBAN","Rural",159,5
"85",5304,"SAN ESTEBAN","Urbano",613,4.9
"86",5401,"LA LIGUA","Rural",568,4.5
"87",5401,"LA LIGUA","Urbano",2029,5.1
"88",5402,"CABILDO","Rural",370,4.3
"89",5402,"CABILDO","Urbano",1072,5
"90",5403,"PAPUDO","Rural",94,4.2
"91",5403,"PAPUDO","Urbano",239,5.4
"92",5404,"PETORCA","Rural",386,5.1
"93",5404,"PETORCA","Urbano",273,4.1
"94",5405,"ZAPALLAR","Rural",281,4.7
"95",5405,"ZAPALLAR","Urbano",371,4.8
"96",5501,"QUILLOTA","Rural",283,4.9
"97",5501,"QUILLOTA","Urbano",7270,4.6
"98",5502,"CALERA","Rural",125,5.6
"99",5502,"CALERA","Urbano",4359,4.8
"100",5503,"HIJUELAS","Rural",381,5.4
"101",5503,"HIJUELAS","Urbano",729,5.3
"102",5504,"LA CRUZ","Rural",140,5.5
"103",5504,"LA CRUZ","Urbano",585,4.9
"104",5506,"NOGALES","Rural",64,2.6
"105",5506,"NOGALES","Urbano",1288,5.5
"106",5601,"SAN ANTONIO","Rural",210,5.3
"107",5601,"SAN ANTONIO","Urbano",6727,4.8
"108",5602,"ALGARROBO","Rural",191,5
"109",5602,"ALGARROBO","Urbano",812,4.7
"110",5603,"CARTAGENA","Rural",133,5.1
"111",5603,"CARTAGENA","Urbano",1701,4.7
"112",5604,"EL QUISCO","Rural",157,5.5
"113",5604,"EL QUISCO","Urbano",794,4.9
"114",5605,"EL TABO","Urbano",463,4.4
"115",5606,"SANTO DOMINGO","Rural",183,5.5
"116",5606,"SANTO DOMINGO","Urbano",826,5.2
"117",5701,"SAN FELIPE","Rural",417,4.9
"118",5701,"SAN FELIPE","Urbano",5712,5.1
"119",5702,"CATEMU","Rural",386,5.3
"120",5702,"CATEMU","Urbano",464,4.7
"121",5703,"LLAILLAY","Rural",324,5
"122",5703,"LLAILLAY","Urbano",1801,4.9
"123",5704,"PANQUEHUE","Rural",136,5.1
"124",5704,"PANQUEHUE","Urbano",424,5.5
"125",5705,"PUTAENDO","Rural",335,5.2
"126",5705,"PUTAENDO","Urbano",690,5.5
"127",5706,"SANTA MARÍA","Rural",228,5.2
"128",5706,"SANTA MARÍA","Urbano",757,5
"129",5801,"QUILPUÉ","Rural",87,5.3
"130",5801,"QUILPUÉ","Urbano",10901,4.9
"131",5802,"LIMACHE","Rural",70,4.7
"132",5802,"LIMACHE","Urbano",3380,5
"133",5803,"OLMUÉ","Rural",164,4.9
"134",5803,"OLMUÉ","Urbano",739,4.1
"135",5804,"VILLA ALEMANA","Rural",30,5.4
"136",5804,"VILLA ALEMANA","Urbano",8667,4.9
"137",6101,"RANCAGUA","Rural",876,4.9
"138",6101,"RANCAGUA","Urbano",17879,5
"139",6102,"CODEGUA","Rural",257,5.3
"140",6102,"CODEGUA","Urbano",440,5.3
"141",6103,"COINCO","Rural",309,5.6
"142",6103,"COINCO","Urbano",126,4.2
"143",6104,"COLTAUCO","Rural",787,5.5
"144",6104,"COLTAUCO","Urbano",581,5.3
"145",6105,"DOÑIHUE","Rural",577,4.7
"146",6105,"DOÑIHUE","Urbano",1061,5.1
"147",6106,"GRANEROS","Rural",250,5
"148",6106,"GRANEROS","Urbano",2851,5.3
"149",6107,"LAS CABRAS","Rural",635,5.4
"150",6107,"LAS CABRAS","Urbano",1193,4.3
"151",6108,"MACHALÍ","Rural",249,5.3
"152",6108,"MACHALÍ","Urbano",4375,5.1
"153",6109,"MALLOA","Rural",331,5.4
"154",6109,"MALLOA","Urbano",335,5.5
"155",6110,"MOSTAZAL","Rural",512,5.3
"156",6110,"MOSTAZAL","Urbano",1337,4.6
"157",6111,"OLIVAR","Rural",249,5.3
"158",6111,"OLIVAR","Urbano",588,5.9
"159",6112,"PEUMO","Rural",455,5.6
"160",6112,"PEUMO","Urbano",502,5.5
"161",6113,"PICHIDEGUA","Rural",816,5.2
"162",6113,"PICHIDEGUA","Urbano",304,5.5
"163",6114,"QUINTA DE TILCOCO","Rural",358,5.4
"164",6114,"QUINTA DE TILCOCO","Urbano",526,5.6
"165",6115,"RENGO","Rural",1035,5
"166",6115,"RENGO","Urbano",3544,4.2
"167",6116,"REQUÍNOA","Rural",706,4.4
"168",6116,"REQUÍNOA","Urbano",1039,5.4
"169",6117,"SAN VICENTE","Rural",946,4.6
"170",6117,"SAN VICENTE","Urbano",2530,5
"171",6201,"PICHILEMU","Rural",364,4.9
"172",6201,"PICHILEMU","Urbano",857,4.6
"173",6202,"LA ESTRELLA","Rural",20,5.2
"174",6202,"LA ESTRELLA","Urbano",143,5.6
"175",6203,"LITUECHE","Rural",428,3.8
"176",6204,"MARCHIHUE","Rural",220,5.2
"177",6204,"MARCHIHUE","Urbano",174,5.3
"178",6205,"NAVIDAD","Rural",211,5.7
"179",6205,"NAVIDAD","Urbano",206,5.3
"180",6206,"PAREDONES","Rural",122,5
"181",6206,"PAREDONES","Urbano",204,5.1
"182",6301,"SAN FERNANDO","Rural",683,5.4
"183",6301,"SAN FERNANDO","Urbano",5491,5.2
"184",6302,"CHÉPICA","Rural",383,5.3
"185",6302,"CHÉPICA","Urbano",403,5.2
"186",6303,"CHIMBARONGO","Rural",1101,5.6
"187",6303,"CHIMBARONGO","Urbano",1384,5.3
"188",6304,"LOLOL","Rural",191,5.4
"189",6304,"LOLOL","Urbano",178,5.3
"190",6305,"NANCAGUA","Rural",431,5
"191",6305,"NANCAGUA","Urbano",815,5.3
"192",6306,"PALMILLA","Rural",368,5.6
"193",6306,"PALMILLA","Urbano",171,5.3
"194",6307,"PERALILLO","Rural",125,5.3
"195",6307,"PERALILLO","Urbano",446,5.2
"196",6308,"PLACILLA","Rural",373,4.9
"197",6308,"PLACILLA","Urbano",81,4.6
"198",6309,"PUMANQUE","Rural",95,4.3
"199",6309,"PUMANQUE","Urbano",95,5.8
"200",6310,"SANTA CRUZ","Rural",587,5.3
"201",6310,"SANTA CRUZ","Urbano",2765,5.1
"202",7101,"TALCA","Rural",503,5.4
"203",7101,"TALCA","Urbano",17126,4.9
"204",7102,"CONSTITUCIÓN","Rural",921,5.2
"205",7102,"CONSTITUCIÓN","Urbano",2670,4.8
"206",7103,"CUREPTO","Rural",264,5.3
"207",7103,"CUREPTO","Urbano",238,4
"208",7104,"EMPEDRADO","Rural",65,4.7
"209",7104,"EMPEDRADO","Urbano",207,4.4
"210",7105,"MAULE","Rural",985,5.5
"211",7105,"MAULE","Urbano",1093,5.2
"212",7106,"PELARCO","Rural",348,5.2
"213",7106,"PELARCO","Urbano",195,5.2
"214",7107,"PENCAHUE","Rural",237,4.5
"215",7107,"PENCAHUE","Urbano",159,5.4
"216",7108,"RÍO CLARO","Rural",500,4.2
"217",7108,"RÍO CLARO","Urbano",437,5.8
"218",7109,"SAN CLEMENTE","Rural",1275,5.2
"219",7109,"SAN CLEMENTE","Urbano",1825,4.1
"220",7110,"SAN RAFAEL","Rural",235,5.3
"221",7110,"SAN RAFAEL","Urbano",497,4.5
"222",7201,"CAUQUENES","Rural",229,4.7
"223",7201,"CAUQUENES","Urbano",2617,5.2
"224",7202,"CHANCO","Rural",215,5
"225",7202,"CHANCO","Urbano",322,4.6
"226",7203,"PELLUHUE","Rural",139,5.8
"227",7203,"PELLUHUE","Urbano",460,5.6
"228",7301,"CURICÓ","Rural",1729,5.1
"229",7301,"CURICÓ","Urbano",10332,4.9
"230",7302,"HUALAÑÉ","Rural",263,5.4
"231",7302,"HUALAÑÉ","Urbano",355,3.5
"232",7303,"LICANTÉN","Rural",154,4.9
"233",7303,"LICANTÉN","Urbano",296,3.7
"234",7304,"MOLINA","Rural",878,5.3
"235",7304,"MOLINA","Urbano",2229,4.7
"236",7305,"RAUCO","Rural",316,5.5
"237",7305,"RAUCO","Urbano",159,4.5
"238",7306,"ROMERAL","Rural",424,5.3
"239",7306,"ROMERAL","Urbano",583,5.4
"240",7307,"SAGRADA FAMILIA","Rural",661,3.5
"241",7307,"SAGRADA FAMILIA","Urbano",373,3.7
"242",7308,"TENO","Rural",1327,5.2
"243",7308,"TENO","Urbano",417,5.1
"244",7309,"VICHUQUEN","Rural",165,5.2
"245",7309,"VICHUQUEN","Urbano",41,4.1
"246",7401,"LINARES","Rural",1065,5.2
"247",7401,"LINARES","Urbano",6844,5.2
"248",7402,"COLBÚN","Rural",933,4.9
"249",7402,"COLBÚN","Urbano",578,5.4
"250",7403,"LONGAVÍ","Rural",1344,5.1
"251",7403,"LONGAVÍ","Urbano",641,4.5
"252",7404,"PARRAL","Rural",427,4.9
"253",7404,"PARRAL","Urbano",2711,5.2
"254",7405,"RETIRO","Rural",762,5.1
"255",7405,"RETIRO","Urbano",682,4.3
"256",7406,"SAN JAVIER","Rural",865,5
"257",7406,"SAN JAVIER","Urbano",2942,5.5
"258",7407,"VILLA ALEGRE","Rural",830,4.9
"259",7407,"VILLA ALEGRE","Urbano",205,5.2
"260",7408,"YERBAS BUENAS","Rural",659,4.9
"261",7408,"YERBAS BUENAS","Urbano",138,4.9
"262",8101,"CONCEPCIÓN","Rural",207,5.6
"263",8101,"CONCEPCIÓN","Urbano",14909,5.3
"264",8102,"CORONEL","Rural",378,5.3
"265",8102,"CORONEL","Urbano",8622,5.1
"266",8103,"CHIGUAYANTE","Urbano",5948,5.1
"267",8104,"FLORIDA","Rural",265,4.7
"268",8104,"FLORIDA","Urbano",412,5.6
"269",8105,"HUALQUI","Rural",251,3.9
"270",8105,"HUALQUI","Urbano",1462,4.9
"271",8106,"LOTA","Urbano",3320,5.1
"272",8107,"PENCO","Rural",196,5.1
"273",8107,"PENCO","Urbano",2876,5.1
"274",8108,"SAN PEDRO DE LA PAZ","Urbano",9976,5.2
"275",8109,"SANTA JUANA","Rural",124,5
"276",8109,"SANTA JUANA","Urbano",915,5.8
"277",8110,"TALCAHUANO","Rural",147,5.2
"278",8110,"TALCAHUANO","Urbano",8776,5.4
"279",8111,"TOMÉ","Rural",517,5.3
"280",8111,"TOMÉ","Urbano",3104,5.3
"281",8112,"HUALPÉN","Urbano",5359,5.1
"282",8201,"LEBU","Rural",244,5.4
"283",8201,"LEBU","Urbano",1685,4.9
"284",8202,"ARAUCO","Rural",809,5
"285",8202,"ARAUCO","Urbano",1992,5
"286",8203,"CAÑETE","Rural",1085,4.8
"287",8203,"CAÑETE","Urbano",1720,5
"288",8204,"CONTULMO","Rural",287,5.3
"289",8204,"CONTULMO","Urbano",174,5.4
"290",8205,"CURANILAHUE","Rural",94,5.3
"291",8205,"CURANILAHUE","Urbano",2322,5
"292",8206,"LOS ÁLAMOS","Rural",1218,5.3
"293",8206,"LOS ÁLAMOS","Urbano",647,5.6
"294",8207,"TIRÚA","Rural",721,5.3
"295",8207,"TIRÚA","Urbano",231,5
"296",8301,"LOS ÁNGELES","Rural",2894,5.1
"297",8301,"LOS ÁNGELES","Urbano",13024,5.2
"298",8302,"ANTUCO","Rural",41,5.8
"299",8302,"ANTUCO","Urbano",191,5.8
"300",8303,"CABRERO","Rural",320,5.1
"301",8303,"CABRERO","Urbano",1654,5.5
"302",8304,"LAJA","Rural",222,5.4
"303",8304,"LAJA","Urbano",1503,5.3
"304",8305,"MULCHÉN","Rural",159,5
"305",8305,"MULCHÉN","Urbano",1931,5.4
"306",8306,"NACIMIENTO","Rural",93,5.2
"307",8306,"NACIMIENTO","Urbano",1951,5.2
"308",8307,"NEGRETE","Rural",191,5.5
"309",8307,"NEGRETE","Urbano",464,4.9
"310",8308,"QUILACO","Rural",62,5.4
"311",8308,"QUILACO","Urbano",132,4.9
"312",8309,"QUILLECO","Rural",63,5.6
"313",8309,"QUILLECO","Urbano",396,5.4
"314",8310,"SAN ROSENDO","Rural",23,5.1
"315",8310,"SAN ROSENDO","Urbano",112,5.1
"316",8311,"SANTA BÁRBARA","Rural",345,5.3
"317",8311,"SANTA BÁRBARA","Urbano",683,5
"318",8312,"TUCAPEL","Rural",135,5.6
"319",8312,"TUCAPEL","Urbano",733,5.1
"320",8313,"YUMBEL","Rural",255,5.5
"321",8313,"YUMBEL","Urbano",1091,5.2
"322",8314,"ALTO BIOBÍO","Rural",620,5.1
"323",9101,"TEMUCO","Rural",1091,5.4
"324",9101,"TEMUCO","Urbano",19930,5
"325",9102,"CARAHUE","Rural",785,5.1
"326",9102,"CARAHUE","Urbano",1096,4.7
"327",9103,"CUNCO","Rural",268,4.8
"328",9103,"CUNCO","Urbano",926,5
"329",9104,"CURARREHUE","Rural",378,5.6
"330",9104,"CURARREHUE","Urbano",235,5.3
"331",9105,"FREIRE","Rural",716,5.3
"332",9105,"FREIRE","Urbano",721,5.3
"333",9106,"GALVARINO","Rural",585,5.2
"334",9106,"GALVARINO","Urbano",427,5.2
"335",9107,"GORBEA","Rural",57,5.5
"336",9107,"GORBEA","Urbano",830,4.8
"337",9108,"LAUTARO","Rural",763,5.5
"338",9108,"LAUTARO","Urbano",2203,5.5
"339",9109,"LONCOCHE","Rural",239,5.3
"340",9109,"LONCOCHE","Urbano",1419,5.1
"341",9110,"MELIPEUCO","Rural",99,5.3
"342",9110,"MELIPEUCO","Urbano",343,5.8
"343",9111,"NUEVA IMPERIAL","Rural",689,5.2
"344",9111,"NUEVA IMPERIAL","Urbano",1789,5.2
"345",9112,"PADRE LAS CASAS","Rural",2603,5.4
"346",9112,"PADRE LAS CASAS","Urbano",2546,5.4
"347",9113,"PERQUENCO","Rural",287,5.2
"348",9113,"PERQUENCO","Urbano",253,5
"349",9114,"PITRUFQUÉN","Rural",237,5.1
"350",9114,"PITRUFQUÉN","Urbano",1733,5.1
"351",9115,"PUCÓN","Rural",672,5.5
"352",9115,"PUCÓN","Urbano",1512,5.4
"353",9116,"SAAVEDRA","Rural",533,5.4
"354",9116,"SAAVEDRA","Urbano",430,5.4
"355",9117,"TEODORO SCHMIDT","Rural",356,5.4
"356",9117,"TEODORO SCHMIDT","Urbano",665,5.3
"357",9118,"TOLTÉN","Rural",341,5.2
"358",9118,"TOLTÉN","Urbano",414,5.2
"359",9119,"VILCÚN","Rural",1049,5.3
"360",9119,"VILCÚN","Urbano",1196,5.3
"361",9120,"VILLARRICA","Rural",1370,5.3
"362",9120,"VILLARRICA","Urbano",3623,5.3
"363",9121,"CHOLCHOL","Rural",583,5.4
"364",9121,"CHOLCHOL","Urbano",428,5.5
"365",9201,"ANGOL","Rural",100,4.7
"366",9201,"ANGOL","Urbano",3847,5.2
"367",9202,"COLLIPULLI","Rural",371,4.9
"368",9202,"COLLIPULLI","Urbano",1722,5.1
"369",9203,"CURACAUTÍN","Rural",237,5.4
"370",9203,"CURACAUTÍN","Urbano",948,4.6
"371",9204,"ERCILLA","Rural",326,5.3
"372",9204,"ERCILLA","Urbano",333,4.8
"373",9205,"LONQUIMAY","Rural",484,5.4
"374",9205,"LONQUIMAY","Urbano",336,5.7
"375",9206,"LOS SAUCES","Rural",100,5
"376",9206,"LOS SAUCES","Urbano",355,5.6
"377",9207,"LUMACO","Rural",312,5.5
"378",9207,"LUMACO","Urbano",352,5.2
"379",9208,"PURÉN","Rural",334,5.6
"380",9208,"PURÉN","Urbano",490,5.9
"381",9209,"RENAICO","Rural",16,6
"382",9209,"RENAICO","Urbano",704,5.5
"383",9210,"TRAIGUÉN","Rural",75,4.8
"384",9210,"TRAIGUÉN","Urbano",1273,5.5
"385",9211,"VICTORIA","Rural",486,5.2
"386",9211,"VICTORIA","Urbano",1947,5.3
"387",10101,"PUERTO MONTT","Rural",2526,5.3
"388",10101,"PUERTO MONTT","Urbano",17338,5.5
"389",10102,"CALBUCO","Rural",1235,5.4
"390",10102,"CALBUCO","Urbano",1282,5.3
"391",10103,"COCHAMÓ","Rural",217,5.6
"392",10104,"FRESIA","Rural",219,5.3
"393",10104,"FRESIA","Urbano",549,5.3
"394",10105,"FRUTILLAR","Rural",479,4.7
"395",10105,"FRUTILLAR","Urbano",1127,4.5
"396",10106,"LOS MUERMOS","Rural",701,5.4
"397",10106,"LOS MUERMOS","Urbano",589,5.4
"398",10107,"LLANQUIHUE","Rural",134,5.4
"399",10107,"LLANQUIHUE","Urbano",964,5.3
"400",10108,"MAULLIN","Rural",325,5.4
"401",10108,"MAULLIN","Urbano",509,5.5
"402",10109,"PUERTO VARAS","Rural",673,5.2
"403",10109,"PUERTO VARAS","Urbano",3068,5.3
"404",10201,"CASTRO","Rural",364,5.2
"405",10201,"CASTRO","Urbano",3231,4.9
"406",10202,"ANCUD","Rural",542,5.3
"407",10202,"ANCUD","Urbano",2339,5.3
"408",10203,"CHONCHI","Rural",332,5.5
"409",10203,"CHONCHI","Urbano",576,5.6
"410",10204,"CURACO DE VÉLEZ","Rural",107,5.4
"411",10204,"CURACO DE VÉLEZ","Urbano",75,5.3
"412",10205,"DALCAHUE","Rural",364,4.9
"413",10205,"DALCAHUE","Urbano",735,5.2
"414",10206,"PUQUELDÓN","Rural",207,5.7
"415",10206,"PUQUELDÓN","Urbano",44,6.1
"416",10207,"QUEILÉN","Rural",247,5.7
"417",10207,"QUEILÉN","Urbano",104,5
"418",10208,"QUELLÓN","Rural",646,5.4
"419",10208,"QUELLÓN","Urbano",1537,4.9
"420",10209,"QUEMCHI","Rural",252,5.3
"421",10209,"QUEMCHI","Urbano",254,5
"422",10210,"QUINCHAO","Rural",239,5.4
"423",10210,"QUINCHAO","Urbano",330,4.6
"424",10301,"OSORNO","Rural",1150,5.4
"425",10301,"OSORNO","Urbano",10765,5.3
"426",10302,"PUERTO OCTAY","Rural",331,5
"427",10302,"PUERTO OCTAY","Urbano",239,5.8
"428",10303,"PURRANQUE","Rural",142,5.2
"429",10303,"PURRANQUE","Urbano",1253,4.8
"430",10304,"PUYEHUE","Rural",389,5.4
"431",10304,"PUYEHUE","Urbano",320,5.4
"432",10305,"RÍO NEGRO","Rural",39,4.6
"433",10305,"RÍO NEGRO","Urbano",779,5.4
"434",10306,"SAN JUAN DE LA COSTA","Rural",526,5.1
"435",10307,"SAN PABLO","Rural",338,5.2
"436",10307,"SAN PABLO","Urbano",313,5.2
"437",10401,"CHAITÉN","Rural",289,5.2
"438",10402,"FUTALEUFÚ","Rural",197,4.8
"439",10403,"HUALAIHUÉ","Rural",515,5
"440",10403,"HUALAIHUÉ","Urbano",144,3.2
"441",10404,"PALENA","Rural",100,5.4
"442",11101,"COYHAIQUE","Rural",190,5.3
"443",11101,"COYHAIQUE","Urbano",4458,4
"444",11102,"LAGO VERDE","Rural",37,5.5
"445",11201,"AYSÉN","Rural",56,4.9
"446",11201,"AYSÉN","Urbano",1941,4.8
"447",11202,"CISNES","Rural",197,5.1
"448",11202,"CISNES","Urbano",228,4.3
"449",11203,"GUAITECAS","Rural",108,5.2
"450",11301,"COCHRANE","Rural",267,5.2
"451",11302,"O'HIGGINS","Rural",48,4.7
"452",11303,"TORTEL","Rural",45,4.5
"453",11401,"CHILE CHICO","Rural",342,4.1
"454",11402,"RÍO IBÁÑEZ","Rural",158,5.1
"455",12101,"PUNTA ARENAS","Rural",21,6
"456",12101,"PUNTA ARENAS","Urbano",8787,5.1
"457",12102,"LAGUNA BLANCA","Rural",14,6.3
"458",12103,"RÍO VERDE","Rural",7,4.9
"459",12104,"SAN GREGORIO","Rural",23,5
"460",12201,"CABO DE HORNOS","Rural",4,6.3
"461",12201,"CABO DE HORNOS","Urbano",181,5.8
"462",12301,"PORVENIR","Urbano",463,3.9
"463",12302,"PRIMAVERA","Rural",34,4.7
"464",12303,"TIMAUKEL","Rural",12,5.6
"465",12401,"NATALES","Rural",23,5.5
"466",12401,"NATALES","Urbano",1592,4.8
"467",12402,"TORRES DEL PAINE","Rural",18,6.5
"468",13101,"SANTIAGO","Urbano",22264,5.3
"469",13102,"CERRILLOS","Urbano",4783,4.9
"470",13103,"CERRO NAVIA","Urbano",7233,5
"471",13104,"CONCHALÍ","Urbano",9339,5
"472",13105,"EL BOSQUE","Urbano",13843,5.3
"473",13106,"ESTACIÓN CENTRAL","Urbano",10046,5.2
"474",13107,"HUECHURABA","Urbano",5916,5.4
"475",13108,"INDEPENDENCIA","Urbano",7410,5.2
"476",13109,"LA CISTERNA","Urbano",8700,5.1
"477",13110,"LA FLORIDA","Urbano",27922,5.3
"478",13111,"LA GRANJA","Urbano",7829,5.1
"479",13112,"LA PINTANA","Urbano",13579,5
"480",13113,"LA REINA","Urbano",8841,5.4
"481",13114,"LAS CONDES","Urbano",14049,5.4
"482",13115,"LO BARNECHEA","Rural",53,5.3
"483",13115,"LO BARNECHEA","Urbano",8106,5.6
"484",13116,"LO ESPEJO","Urbano",4800,5.1
"485",13117,"LO PRADO","Urbano",5457,5.1
"486",13118,"MACUL","Urbano",6286,5.4
"487",13119,"MAIPÚ","Urbano",34314,5.4
"488",13120,"ÑUÑOA","Urbano",11933,5.2
"489",13121,"PEDRO AGUIRRE CERDA","Urbano",6982,5.1
"490",13122,"PEÑALOLÉN","Urbano",14617,5.3
"491",13123,"PROVIDENCIA","Urbano",9353,5
"492",13124,"PUDAHUEL","Rural",519,4.6
"493",13124,"PUDAHUEL","Urbano",12918,5.3
"494",13125,"QUILICURA","Rural",429,5.7
"495",13125,"QUILICURA","Urbano",15563,5.2
"496",13126,"QUINTA NORMAL","Urbano",9958,5.2
"497",13127,"RECOLETA","Urbano",12037,5.3
"498",13128,"RENCA","Urbano",9759,4.8
"499",13129,"SAN JOAQUÍN","Urbano",4350,5
"500",13130,"SAN MIGUEL","Urbano",8134,4.9
"501",13131,"SAN RAMÓN","Urbano",5515,5
"502",13132,"VITACURA","Urbano",7954,5.1
"503",13201,"PUENTE ALTO","Rural",1134,5.3
"504",13201,"PUENTE ALTO","Urbano",36456,5.2
"505",13202,"PIRQUE","Rural",747,4.6
"506",13202,"PIRQUE","Urbano",721,5.3
"507",13203,"SAN JOSÉ DE MAIPO","Rural",445,4.7
"508",13203,"SAN JOSÉ DE MAIPO","Urbano",560,5.5
"509",13301,"COLINA","Rural",396,3.9
"510",13301,"COLINA","Urbano",14510,5.3
"511",13302,"LAMPA","Rural",552,4.8
"512",13302,"LAMPA","Urbano",7911,5.2
"513",13303,"TILTIL","Rural",367,5
"514",13303,"TILTIL","Urbano",959,4.9
"515",13401,"SAN BERNARDO","Rural",405,4.1
"516",13401,"SAN BERNARDO","Urbano",21904,5.2
"517",13402,"BUIN","Rural",1211,5.2
"518",13402,"BUIN","Urbano",6497,5.4
"519",13403,"CALERA DE TANGO","Rural",1609,5
"520",13403,"CALERA DE TANGO","Urbano",361,5.1
"521",13404,"PAINE","Rural",1617,5.4
"522",13404,"PAINE","Urbano",4514,4.8
"523",13501,"MELIPILLA","Rural",2632,5.3
"524",13501,"MELIPILLA","Urbano",7112,5.2
"525",13502,"ALHUÉ","Rural",272,4.4
"526",13502,"ALHUÉ","Urbano",269,4.2
"527",13503,"CURACAVÍ","Rural",620,5.2
"528",13503,"CURACAVÍ","Urbano",1990,4.9
"529",13504,"MARÍA PINTO","Rural",378,5
"530",13504,"MARÍA PINTO","Urbano",427,4.7
"531",13505,"SAN PEDRO","Rural",688,4.9
"532",13601,"TALAGANTE","Rural",137,4.5
"533",13601,"TALAGANTE","Urbano",6652,5.1
"534",13602,"EL MONTE","Rural",396,4.8
"535",13602,"EL MONTE","Urbano",2298,4.7
"536",13603,"ISLA DE MAIPO","Rural",191,4.5
"537",13603,"ISLA DE MAIPO","Urbano",2368,4.7
"538",13604,"PADRE HURTADO","Rural",356,5.4
"539",13604,"PADRE HURTADO","Urbano",5040,5.2
"540",13605,"PEÑAFLOR","Rural",77,4.7
"541",13605,"PEÑAFLOR","Urbano",6389,5.1
"542",14101,"VALDIVIA","Rural",556,5.4
"543",14101,"VALDIVIA","Urbano",10597,5.2
"544",14102,"CORRAL","Rural",203,5.2
"545",14102,"CORRAL","Urbano",148,5.2
"546",14103,"LANCO","Rural",298,5.2
"547",14103,"LANCO","Urbano",926,5.6
"548",14104,"LOS LAGOS","Rural",619,5.3
"549",14104,"LOS LAGOS","Urbano",887,5.3
"550",14105,"MÁFIL","Rural",107,5
"551",14105,"MÁFIL","Urbano",388,5.3
"552",14106,"MARIQUINA","Rural",801,5.1
"553",14106,"MARIQUINA","Urbano",1081,5.3
"554",14107,"PAILLACO","Rural",587,5.2
"555",14107,"PAILLACO","Urbano",882,5.2
"556",14108,"PANGUIPULLI","Rural",1447,5.5
"557",14108,"PANGUIPULLI","Urbano",1296,5.3
"558",14201,"LA UNIÓN","Rural",718,5.3
"559",14201,"LA UNIÓN","Urbano",1930,5.3
"560",14202,"FUTRONO","Rural",541,5.3
"561",14202,"FUTRONO","Urbano",746,5.1
"562",14203,"LAGO RANCO","Rural",444,5.5
"563",14203,"LAGO RANCO","Urbano",272,5.1
"564",14204,"RÍO BUENO","Rural",970,5.4
"565",14204,"RÍO BUENO","Urbano",1276,5.6
"566",15101,"ARICA","Rural",1068,5
"567",15101,"ARICA","Urbano",17430,4.9
"568",15102,"CAMARONES","Rural",61,4.5
"569",15201,"PUTRE","Rural",104,5.5
"570",15202,"GENERAL LAGOS","Rural",43,4.5
"571",16101,"CHILLÁN","Rural",651,5.4
"572",16101,"CHILLÁN","Urbano",12684,5.2
"573",16102,"BULNES","Rural",438,5.1
"574",16102,"BULNES","Urbano",1071,5.2
"575",16103,"CHILLÁN VIEJO","Rural",171,5.5
"576",16103,"CHILLÁN VIEJO","Urbano",1347,5.2
"577",16104,"EL CARMEN","Rural",241,5.6
"578",16104,"EL CARMEN","Urbano",630,4.8
"579",16105,"PEMUCO","Rural",211,4.8
"580",16105,"PEMUCO","Urbano",253,4.9
"581",16106,"PINTO","Rural",240,5.3
"582",16106,"PINTO","Urbano",406,4.7
"583",16107,"QUILLÓN","Rural",446,4.5
"584",16107,"QUILLÓN","Urbano",675,4.9
"585",16108,"SAN IGNACIO","Rural",264,5.5
"586",16108,"SAN IGNACIO","Urbano",546,5.1
"587",16109,"YUNGAY","Rural",299,4.5
"588",16109,"YUNGAY","Urbano",987,5.4
"589",16201,"QUIRIHUE","Rural",14,6
"590",16201,"QUIRIHUE","Urbano",698,5.1
"591",16202,"COBQUECURA","Rural",67,5.9
"592",16202,"COBQUECURA","Urbano",195,5.2
"593",16203,"COELEMU","Rural",214,5.5
"594",16203,"COELEMU","Urbano",977,3.9
"595",16204,"NINHUE","Rural",160,5.6
"596",16204,"NINHUE","Urbano",115,4.7
"597",16205,"PORTEZUELO","Rural",82,5.8
"598",16205,"PORTEZUELO","Urbano",207,5.4
"599",16206,"RANQUIL","Rural",173,5.5
"600",16206,"RANQUIL","Urbano",223,5.2
"601",16207,"TREHUACO","Rural",184,5.5
"602",16301,"SAN CARLOS","Rural",761,5.7
"603",16301,"SAN CARLOS","Urbano",2852,4.8
"604",16302,"COIHUECO","Rural",865,5.7
"605",16302,"COIHUECO","Urbano",969,5.3
"606",16303,"ÑIQUÉN","Rural",456,5.4
"607",16303,"ÑIQUÉN","Urbano",179,5.3
"608",16304,"SAN FABIÁN","Rural",138,5.6
"609",16304,"SAN FABIÁN","Urbano",209,5.1
"610",16305,"SAN NICOLÁS","Rural",371,5.3
"611",16305,"SAN NICOLÁS","Urbano",591,5.5
